Date,Open,High,Low,Close,Adj Close,Volume,Days
2019-02-19,14.84,15.02,14.84,15.02,15.02,7941300,0
2019-02-20,15.07,15.21,15.03,15.07,15.07,9502300,1
2019-02-21,14.95,14.97,14.83,14.83,14.83,7577900,2
2019-02-22,14.92,14.99,14.9,14.95,14.95,4114000,3
2019-02-25,14.97,14.99,14.86,14.9,14.9,5508200,4
2019-02-26,14.94,14.95,14.83,14.94,14.94,4878700,5
2019-02-27,14.87,14.87,14.73,14.75,14.75,6797800,6
2019-02-28,14.75,14.75,14.61,14.63,14.63,5919700,7
2019-03-01,14.49,14.55,14.2,14.2,14.2,17580500,8
2019-03-04,14.16,14.19,14.12,14.15,14.15,9028900,9
2019-03-05,14.15,14.21,14.11,14.2,14.2,7148400,10
2019-03-06,14.17,14.17,14.11,14.15,14.15,6302700,11
2019-03-07,14.07,14.14,14.05,14.09,14.09,6009600,12
2019-03-08,14.32,14.42,14.3,14.41,14.41,8970900,13
2019-03-11,14.36,14.37,14.26,14.37,14.37,6610200,14
2019-03-12,14.46,14.51,14.41,14.48,14.48,7795500,15
2019-03-13,14.51,14.55,14.48,14.51,14.51,4718600,16
2019-03-14,14.25,14.27,14.2,14.24,14.24,7676200,17
2019-03-15,14.39,14.43,14.33,14.33,14.33,5630100,18
2019-03-18,14.41,14.47,14.36,14.39,14.39,4620400,19
2019-03-19,14.46,14.48,14.39,14.4,14.4,4290600,20
2019-03-20,14.45,14.59,14.32,14.54,14.54,13562700,21
2019-03-21,14.56,14.56,14.42,14.5,14.5,8086100,22
2019-03-22,14.45,14.49,14.41,14.45,14.45,4447000,23
2019-03-25,14.54,14.61,14.52,14.56,14.56,7324600,24
2019-03-26,14.54,14.54,14.43,14.47,14.47,4877600,25
2019-03-27,14.42,14.44,14.31,14.32,14.32,8431500,26
2019-03-28,14.17,14.17,14.04,14.07,14.07,15698100,27
2019-03-29,14.24,14.25,14.17,14.18,14.18,8460300,28
2019-04-01,14.24,14.25,14.14,14.15,14.15,7036700,29
2019-04-02,14.07,14.17,14.05,14.16,14.16,5549900,30
2019-04-03,14.1,14.22,14.1,14.2,14.2,7056000,31
2019-04-04,14.02,14.23,13.97,14.22,14.22,12111900,32
2019-04-05,14.21,14.24,14.13,14.17,14.17,6309000,33
2019-04-08,14.3,14.31,14.25,14.31,14.31,7111000,34
2019-04-09,14.35,14.35,14.26,14.28,14.28,5532200,35
2019-04-10,14.25,14.34,14.25,14.28,14.28,4843400,36
2019-04-11,14.12,14.17,13.97,14.02,14.02,13575400,37
2019-04-12,14.09,14.17,14.04,14.05,14.05,7310300,38
2019-04-15,13.96,14.1,13.92,14.06,14.06,10212400,39
2019-04-16,13.99,14.08,13.97,14.07,14.07,11775600,40
2019-04-17,14.1,14.11,13.99,14.05,14.05,6225500,41
2019-04-18,14.03,14.08,14.03,14.06,14.06,5079900,42
2019-04-22,14.08,14.1,14.04,14.08,14.08,5204700,43
2019-04-23,13.86,13.93,13.83,13.91,13.91,7054100,44
2019-04-24,13.92,14.05,13.92,14,14,4857000,45
2019-04-25,14.02,14.08,13.98,14,14,4324500,46
2019-04-26,14.09,14.14,14.04,14.1,14.1,6323600,47
2019-04-29,14.01,14.01,13.95,13.99,13.99,3615300,48
2019-04-30,13.94,14.04,13.91,14.02,14.02,6561500,49
2019-05-01,13.89,13.93,13.69,13.75,13.75,21701200,50
2019-05-02,13.72,13.75,13.65,13.71,13.71,6896100,51
2019-05-03,13.87,14.03,13.86,13.96,13.96,11477000,52
2019-05-06,13.87,13.99,13.86,13.98,13.98,5917700,53
2019-05-07,13.95,13.98,13.92,13.98,13.98,4725300,54
2019-05-08,13.96,13.98,13.89,13.89,13.89,4686900,55
2019-05-09,13.78,13.88,13.77,13.83,13.83,4295000,56
2019-05-10,13.83,13.87,13.81,13.84,13.84,3084100,57
2019-05-13,13.86,13.87,13.8,13.84,13.84,5973300,58
2019-05-14,13.87,13.92,13.83,13.86,13.86,7100100,59
2019-05-15,13.88,13.89,13.83,13.85,13.85,5351000,60
2019-05-16,13.81,13.82,13.6,13.65,13.65,11341600,61
2019-05-17,13.53,13.54,13.49,13.52,13.52,7504700,62
2019-05-20,13.52,13.57,13.5,13.55,13.55,4386500,63
2019-05-21,13.51,13.56,13.47,13.53,13.53,3969700,64
2019-05-22,13.55,13.58,13.52,13.54,13.54,4528100,65
2019-05-23,13.61,13.72,13.6,13.68,13.68,6396000,66
2019-05-24,13.66,13.67,13.61,13.65,13.65,3010600,67
2019-05-28,13.45,13.46,13.39,13.46,13.46,9200700,68
2019-05-29,13.55,13.57,13.49,13.52,13.52,5309000,69
2019-05-30,13.55,13.66,13.53,13.6,13.6,4695300,70
2019-05-31,13.61,13.76,13.6,13.65,13.65,8236000,71
2019-06-03,13.77,13.9,13.75,13.87,13.87,13206800,72
2019-06-04,13.83,13.92,13.79,13.89,13.89,9326000,73
2019-06-05,14.01,14.03,13.83,13.88,13.88,16061100,74
2019-06-06,14,14.01,13.92,13.92,13.92,7343800,75
2019-06-07,14.06,14.2,14.04,14.06,14.06,15937400,76
2019-06-10,13.83,13.85,13.72,13.78,13.78,11276100,77
2019-06-11,13.78,13.87,13.77,13.81,13.81,5760700,78
2019-06-12,13.84,13.9,13.82,13.84,13.84,5578300,79
2019-06-13,13.88,13.99,13.86,13.96,13.96,6789200,80
2019-06-14,14.01,14.05,13.85,13.91,13.91,9711100,81
2019-06-17,13.97,13.97,13.88,13.9,13.9,3905800,82
2019-06-18,14.01,14.14,13.94,14.05,14.05,12976700,83
2019-06-19,14.02,14.17,14,14.17,14.17,13454000,84
2019-06-20,14.39,14.54,14.35,14.45,14.45,21668700,85
2019-06-21,14.36,14.4,14.25,14.36,14.36,12708800,86
2019-06-24,14.35,14.49,14.35,14.46,14.46,14157600,87
2019-06-25,14.43,14.51,14.3,14.38,14.38,24459400,88
2019-06-26,14.31,14.38,14.26,14.32,14.32,9171200,89
2019-06-27,14.22,14.29,14.2,14.28,14.28,10633600,90
2019-06-28,14.28,14.36,14.25,14.33,14.33,15532400,91
2019-07-01,14.24,14.33,14.17,14.18,14.18,10278000,92
2019-07-02,14.14,14.32,14.12,14.29,14.29,13887100,93
2019-07-03,14.34,14.36,14.29,14.32,14.32,8250800,94
2019-07-05,14.09,14.1,13.95,14.06,14.06,17275100,95
2019-07-08,14.12,14.13,14.04,14.05,14.05,9461900,96
2019-07-09,14.09,14.17,14.05,14.14,14.14,8468400,97
2019-07-10,14.27,14.29,14.15,14.26,14.26,14062800,98
2019-07-11,14.23,14.28,14.14,14.17,14.17,8932500,99
2019-07-12,14.18,14.29,14.14,14.26,14.26,7983500,100
2019-07-15,14.29,14.43,14.28,14.42,14.42,17348900,101
2019-07-16,14.51,14.7,14.5,14.54,14.54,39105500,102
2019-07-17,14.75,14.98,14.74,14.94,14.94,27911800,103
2019-07-18,15.07,15.32,15.01,15.29,15.29,38277100,104
2019-07-19,15.4,15.54,15.03,15.17,15.17,41873600,105
2019-07-22,15.3,15.39,15.28,15.35,15.35,18109200,106
2019-07-23,15.41,15.49,15.33,15.34,15.34,23827100,107
2019-07-24,15.54,15.59,15.48,15.52,15.52,15739900,108
2019-07-25,15.47,15.48,15.27,15.36,15.36,19998700,109
2019-07-26,15.42,15.43,15.29,15.31,15.31,10282900,110
2019-07-29,15.36,15.43,15.3,15.4,15.4,10652800,111
2019-07-30,15.45,15.55,15.39,15.5,15.5,9505400,112
2019-07-31,15.39,15.43,15.16,15.21,15.21,28741400,113
2019-08-01,15,15.34,14.98,15.34,15.34,28690700,114
2019-08-02,15.09,15.27,15.08,15.19,15.19,20157500,115
2019-08-05,15.37,15.49,15.22,15.33,15.33,31227100,116
2019-08-06,15.4,15.43,15.32,15.38,15.38,12926200,117
2019-08-07,15.85,16.15,15.83,15.97,15.97,49867900,118
2019-08-08,15.78,15.99,15.74,15.89,15.89,23338200,119
2019-08-09,15.85,15.97,15.78,15.89,15.89,14846700,120
2019-08-12,15.86,16.07,15.84,15.98,15.98,20240600,121
2019-08-13,16.18,16.190001,15.47,15.87,15.87,37868000,122
2019-08-14,16.120001,16.219999,15.98,16.08,16.08,36647600,123
2019-08-15,16.129999,16.18,16.059999,16.129999,16.129999,17036100,124
2019-08-16,16.1,16.139999,15.97,16.02,16.02,16397500,125
2019-08-19,15.87,15.94,15.78,15.79,15.79,14617900,126
2019-08-20,15.91,16.09,15.91,16.049999,16.049999,12223200,127
2019-08-21,15.99,16.1,15.95,16.049999,16.049999,12414200,128
2019-08-22,15.98,16.049999,15.95,15.97,15.97,7001000,129
2019-08-23,16.040001,16.360001,15.98,16.35,16.35,25967100,130
2019-08-26,16.5,16.629999,16.450001,16.52,16.52,22948400,131
2019-08-27,16.84,17.040001,16.77,17.030001,17.030001,38834200,132
2019-08-28,17.15,17.25,17.01,17.17,17.17,30866900,133
2019-08-29,17.360001,17.41,16.879999,17.07,17.07,52495100,134
2019-08-30,17.09,17.26,17,17.15,17.15,28392700,135
2019-09-03,17.59,17.940001,17.52,17.889999,17.889999,40436900,136
2019-09-04,18.08,18.35,18.049999,18.34,18.34,34319900,137
2019-09-05,17.98,17.98,17.290001,17.41,17.41,53305900,138
2019-09-06,17.49,17.59,16.799999,16.870001,16.870001,68358100,139
2019-09-09,16.93,17.01,16.799999,16.83,16.83,26030000,140
2019-09-10,16.959999,17.01,16.85,16.85,16.85,22611900,141
2019-09-11,16.799999,16.98,16.790001,16.950001,16.950001,16979400,142
2019-09-12,16.98,17.110001,16.85,16.92,16.92,29348700,143
2019-09-13,16.9,16.940001,16.280001,16.309999,16.309999,42317000,144
2019-09-16,16.709999,16.84,16.6,16.74,16.74,21190000,145
2019-09-17,16.73,16.92,16.66,16.860001,16.860001,12763400,146
2019-09-18,16.75,16.84,16.379999,16.549999,16.549999,28967300,147
2019-09-19,16.719999,16.75,16.610001,16.620001,16.620001,10522200,148
2019-09-20,16.65,16.799999,16.610001,16.799999,16.799999,14256300,149
2019-09-23,17.290001,17.51,17.26,17.51,17.51,24136900,150
2019-09-24,17.200001,17.459999,17.07,17.440001,17.440001,27612500,151
2019-09-25,17.290001,17.35,16.67,16.709999,16.709999,29406000,152
2019-09-26,16.76,16.889999,16.629999,16.67,16.67,20319100,153
2019-09-27,16.26,16.49,16.190001,16.360001,16.360001,25234800,154
2019-09-30,16.030001,16.1,15.83,15.92,15.92,29218300,155
2019-10-01,15.96,16.209999,15.91,16.15,16.15,23278100,156
2019-10-02,16.33,16.540001,16.27,16.43,16.43,21300800,157
2019-10-03,16.379999,16.65,16.370001,16.43,16.43,24412700,158
2019-10-04,16.299999,16.459999,16.25,16.41,16.41,17200800,159
2019-10-07,16.379999,16.459999,16.280001,16.299999,16.299999,8379500,160
2019-10-08,16.6,16.66,16.49,16.610001,16.610001,19817200,161
2019-10-09,16.68,16.68,16.540001,16.6,16.6,15428500,162
2019-10-10,16.469999,16.49,16.290001,16.370001,16.370001,15056500,163
2019-10-11,16.379999,16.42,16.209999,16.370001,16.370001,28111900,164
2019-10-14,16.43,16.549999,16.4,16.49,16.49,10405900,165
2019-10-15,16.389999,16.389999,16.209999,16.27,16.27,19735000,166
2019-10-16,16.25,16.290001,16.15,16.26,16.26,15305800,167
2019-10-17,16.4,16.5,16.360001,16.4,16.4,14232300,168
2019-10-18,16.379999,16.450001,16.35,16.41,16.41,15861600,169
2019-10-21,16.65,16.68,16.379999,16.41,16.41,17748700,170
2019-10-22,16.4,16.459999,16.290001,16.370001,16.370001,12066000,171
2019-10-23,16.43,16.469999,16.379999,16.389999,16.389999,8500100,172
2019-10-24,16.610001,16.690001,16.57,16.65,16.65,14917400,173
2019-10-25,17.08,17.110001,16.68,16.889999,16.889999,25824800,174
2019-10-28,16.799999,16.809999,16.620001,16.68,16.68,13873300,175
2019-10-29,16.530001,16.74,16.5,16.65,16.65,13722400,176
2019-10-30,16.68,16.73,16.440001,16.73,16.73,15563700,177
2019-10-31,16.860001,17,16.809999,16.92,16.92,15539200,178
2019-11-01,16.860001,16.93,16.82,16.92,16.92,13063200,179
2019-11-04,16.940001,16.969999,16.790001,16.85,16.85,12990100,180
2019-11-05,16.59,16.629999,16.389999,16.440001,16.440001,22623300,181
2019-11-06,16.43,16.5,16.389999,16.469999,16.469999,11238000,182
2019-11-07,16.440001,16.459999,15.84,16,16,31701700,183
2019-11-08,15.77,15.88,15.7,15.7,15.7,20152000,184
2019-11-11,15.74,15.8,15.57,15.75,15.75,14980600,185
2019-11-12,15.69,15.73,15.55,15.72,15.72,13814100,186
2019-11-13,15.82,15.9,15.76,15.83,15.83,12072600,187
2019-11-14,15.87,15.97,15.77,15.9,15.9,9138200,188
2019-11-15,15.81,15.9,15.79,15.85,15.85,9714200,189
2019-11-18,15.88,15.94,15.84,15.92,15.92,7973100,190
2019-11-19,15.88,16.059999,15.87,16.02,16.02,8924100,191
2019-11-20,15.97,16.049999,15.92,16.040001,16.040001,11728200,192
2019-11-21,16,16.059999,15.95,15.99,15.99,8195400,193
2019-11-22,15.98,16.01,15.88,15.9,15.9,7817900,194
2019-11-25,15.81,15.89,15.77,15.78,15.78,8820900,195
2019-11-26,15.82,15.99,15.72,15.99,15.99,11241900,196
2019-11-27,15.85,15.9,15.82,15.84,15.84,14422300,197
2019-11-29,15.79,15.93,15.76,15.92,15.92,6371700,198
2019-12-02,15.8,15.87,15.77,15.8,15.8,9176400,199
2019-12-03,16.02,16.08,16,16.049999,16.049999,13075000,200
2019-12-04,15.95,15.95,15.7,15.76,15.76,15133700,201
2019-12-05,15.74,15.9,15.74,15.85,15.85,9086900,202
2019-12-06,15.61,15.61,15.44,15.48,15.48,19251900,203
2019-12-09,15.5,15.54,15.48,15.5,15.5,6661200,204
2019-12-10,15.59,15.62,15.52,15.57,15.57,5864300,205
2019-12-11,15.59,15.85,15.56,15.75,15.75,12812500,206
2019-12-12,15.96,15.96,15.67,15.85,15.85,15770000,207
2019-12-13,15.78,15.86,15.74,15.84,15.84,11151500,208
2019-12-16,15.89,15.95,15.85,15.91,15.91,9578700,209
2019-12-17,15.9,15.93,15.84,15.88,15.88,5861100,210
2019-12-18,15.82,15.9,15.82,15.9,15.9,4444100,211
2019-12-19,15.87,16,15.84,15.94,15.94,8032800,212
2019-12-20,16.07,16.120001,15.96,16.040001,16.040001,11676700,213
2019-12-23,16.16,16.299999,16.16,16.280001,16.280001,12807100,214
2019-12-24,16.459999,16.610001,16.450001,16.58,16.58,11735300,215
2019-12-26,16.780001,16.860001,16.58,16.73,16.73,16455000,216
2019-12-27,16.700001,16.790001,16.57,16.58,16.58,12694400,217
2019-12-30,16.700001,16.780001,16.67,16.74,16.74,10850400,218
2019-12-31,16.77,16.809999,16.639999,16.68,16.68,11183800,219
2020-01-02,16.84,16.9,16.75,16.809999,16.809999,13485100,220
2020-01-03,16.92,16.950001,16.799999,16.84,16.84,13524500,221
2020-01-06,17.17,17.18,16.82,16.940001,16.940001,18059200,222
2020-01-07,16.98,17.209999,16.93,17.17,17.17,15375800,223
2020-01-08,17.16,17.190001,16.860001,16.93,16.93,29922400,224
2020-01-09,16.719999,16.76,16.620001,16.719999,16.719999,14782900,225
2020-01-10,16.799999,16.959999,16.780001,16.889999,16.889999,9397800,226
2020-01-13,16.84,16.85,16.73,16.780001,16.780001,10629200,227
2020-01-14,16.6,16.68,16.540001,16.620001,16.620001,12168600,228
2020-01-15,16.73,16.85,16.700001,16.809999,16.809999,10948900,229
2020-01-16,16.780001,16.83,16.719999,16.77,16.77,8376500,230
2020-01-17,16.83,16.889999,16.74,16.82,16.82,12339200,231
2020-01-21,16.5,16.709999,16.459999,16.639999,16.639999,13645100,232
2020-01-22,16.709999,16.75,16.620001,16.66,16.66,7441800,233
2020-01-23,16.58,16.690001,16.559999,16.610001,16.610001,10803400,234
2020-01-24,16.690001,16.950001,16.68,16.91,16.91,16075000,235
2020-01-27,17.040001,17.059999,16.84,16.889999,16.889999,11885600,236
2020-01-28,16.58,16.610001,16.280001,16.32,16.32,27626300,237
2020-01-29,16.280001,16.43,16.27,16.41,16.41,9593700,238
2020-01-30,16.73,16.85,16.59,16.68,16.68,22673800,239
2020-01-31,16.690001,16.9,16.68,16.82,16.82,17223400,240
2020-02-03,16.610001,16.620001,16.43,16.5,16.5,17729200,241
2020-02-04,16.52,16.540001,16.360001,16.450001,16.450001,13522300,242
2020-02-05,16.450001,16.48,16.389999,16.459999,16.459999,8713900,243
2020-02-06,16.65,16.66,16.549999,16.629999,16.629999,10583500,244
2020-02-07,16.610001,16.639999,16.469999,16.540001,16.540001,11066400,245
2020-02-10,16.59,16.66,16.540001,16.610001,16.610001,7382700,246
2020-02-11,16.540001,16.549999,16.4,16.48,16.48,10832400,247
2020-02-12,16.35,16.4,16.299999,16.33,16.33,10358700,248
2020-02-13,16.530001,16.549999,16.450001,16.459999,16.459999,7589200,249
2020-02-14,16.610001,16.620001,16.540001,16.559999,16.559999,8611200,250
2020-02-18,16.780001,17.02,16.73,17.01,17.01,18474100,251
2020-02-19,17.040001,17.24,16.99,17.23,17.23,16491200,252
2020-02-20,17.09,17.200001,17.07,17.139999,17.139999,13454300,253
2020-02-21,17.27,17.41,17.24,17.280001,17.280001,18315900,254
2020-02-24,17.559999,17.690001,17.299999,17.4,17.4,29339000,255
2020-02-25,17.129999,17.200001,16.67,16.709999,16.709999,42614700,256
2020-02-26,16.700001,16.82,16.6,16.68,16.68,22335000,257
2020-02-27,16.790001,16.84,16.450001,16.469999,16.469999,40098600,258
2020-02-28,15.89,15.89,15.28,15.53,15.53,68662300,259
2020-03-02,15.61,15.71,15.53,15.56,15.56,29297900,260
2020-03-03,15.73,16.309999,15.7,16.02,16.02,51453100,261
2020-03-04,16.01,16.110001,15.94,16.09,16.09,15904600,262
2020-03-05,16.120001,16.299999,16.1,16.299999,16.299999,16084000,263
2020-03-06,16.24,16.26,15.89,16.18,16.18,27540500,264
2020-03-09,15.78,15.95,15.63,15.88,15.88,34389000,265
2020-03-10,15.88,15.89,15.69,15.73,15.73,26387300,266
2020-03-11,15.8,15.86,15.55,15.63,15.63,26548100,267
2020-03-12,15,15.13,14.48,14.62,14.62,60548700,268
2020-03-13,14.67,14.69,13.47,13.69,13.69,66736000,269
2020-03-16,11.83,12.41,11.68,12,12,56056800,270
2020-03-17,11.64,12.38,11.52,11.88,11.88,55691200,271
2020-03-18,11.44,11.62,10.86,11.21,11.21,63234600,272
2020-03-19,11.34,11.44,11.04,11.32,11.32,52642200,273
2020-03-20,11.72,11.93,11.52,11.62,11.62,41231800,274
2020-03-23,11.97,12.39,11.87,12.31,12.31,47133100,275
2020-03-24,13.23,13.38,12.87,13.29,13.29,41209400,276
2020-03-25,13.26,13.65,13.19,13.51,13.51,40503400,277
2020-03-26,13.59,13.71,13.35,13.53,13.53,35076400,278
2020-03-27,13.51,13.53,13.29,13.44,13.44,19555600,279
2020-03-30,13.06,13.27,12.88,13.16,13.16,26617500,280
2020-03-31,13.12,13.32,12.95,13.05,13.05,23214800,281
2020-04-01,13,13.14,12.87,13.02,13.02,17824200,282
2020-04-02,13.42,13.59,13.35,13.53,13.53,20635400,283
2020-04-03,13.48,13.54,13.33,13.46,13.46,15810600,284
2020-04-06,13.57,14.09,13.47,14.03,14.03,33922500,285
2020-04-07,14.21,14.23,13.87,13.99,13.99,22812200,286
2020-04-08,14.03,14.08,13.87,13.94,13.94,14213700,287
2020-04-09,14.31,14.52,14.19,14.34,14.34,30312900,288
2020-04-13,14.19,14.49,14.13,14.4,14.4,19793700,289
2020-04-14,14.58,14.8,14.46,14.65,14.65,25722500,290
2020-04-15,14.49,14.5,14.25,14.49,14.49,18239700,291
2020-04-16,14.37,14.51,14.18,14.51,14.51,19663900,292
2020-04-17,14.27,14.31,14.07,14.15,14.15,17462400,293
2020-04-20,14.2,14.4,14.19,14.26,14.26,18226800,294
2020-04-21,13.66,13.92,13.55,13.88,13.88,24274300,295
2020-04-22,14.01,14.14,13.93,14.09,14.09,19255100,296
2020-04-23,14.25,14.41,14.09,14.21,14.21,21764500,297
2020-04-24,14.28,14.33,14.01,14.21,14.21,15127500,298
2020-04-27,14.21,14.23,14.01,14.21,14.21,11423500,299
2020-04-28,14.19,14.19,13.97,14.1,14.1,11221300,300
2020-04-29,14.18,14.36,14.07,14.28,14.28,16889500,301
2020-04-30,14.07,14.17,13.76,13.98,13.98,26829100,302
2020-05-01,13.9,14.02,13.75,13.92,13.92,16724400,303
2020-05-04,13.81,13.88,13.73,13.77,13.77,17912800,304
2020-05-05,13.92,14.03,13.82,13.93,13.93,16678400,305
2020-05-06,13.95,14,13.88,13.92,13.92,10596000,306
2020-05-07,14.06,14.4,14.03,14.26,14.26,37394800,307
2020-05-08,14.36,14.6,14.35,14.44,14.44,31528200,308
2020-05-11,14.5,14.52,14.31,14.44,14.44,18529400,309
2020-05-12,14.51,14.58,14.39,14.42,14.42,19816600,310
2020-05-13,14.45,14.57,14.38,14.55,14.55,19797900,311
2020-05-14,14.49,14.83,14.47,14.81,14.81,33095800,312
2020-05-15,15.42,15.61,15.24,15.51,15.51,54736200,313
2020-05-18,15.95,16.040001,15.74,15.79,15.79,48078100,314
2020-05-19,16.15,16.32,16.08,16.17,16.17,48516900,315
2020-05-20,16.27,16.450001,16.209999,16.360001,16.360001,39047900,316
2020-05-21,16.129999,16.15,15.71,15.96,15.96,37580300,317
2020-05-22,15.96,16.09,15.92,16.040001,16.040001,25203400,318
2020-05-26,16.280001,16.280001,15.86,15.97,15.97,30607200,319
2020-05-27,15.75,16.200001,15.72,16.15,16.15,36109000,320
2020-05-28,16.24,16.34,16.1,16.190001,16.190001,30242900,321
2020-05-29,16.549999,16.700001,16.49,16.66,16.66,42236400,322
2020-06-01,16.860001,17.1,16.83,17.1,17.1,31234900,323
2020-06-02,17.059999,17.07,16.57,16.84,16.84,32202600,324
2020-06-03,16.5,16.559999,16.27,16.48,16.48,36302900,325
2020-06-04,16.540001,16.639999,16.360001,16.540001,16.540001,20272500,326
2020-06-05,16.18,16.23,16.040001,16.200001,16.200001,27360400,327
2020-06-08,16.35,16.6,16.27,16.59,16.59,25594800,328
2020-06-09,16.43,16.57,16.360001,16.42,16.42,18582700,329
2020-06-10,16.700001,16.959999,16.360001,16.959999,16.959999,40557000,330
2020-06-11,16.75,16.879999,16.280001,16.440001,16.440001,41000100,331
2020-06-12,16.440001,16.549999,16.209999,16.280001,16.280001,31220600,332
2020-06-15,15.87,16.280001,15.79,16.23,16.23,28946300,333
2020-06-16,16.200001,16.379999,16.18,16.26,16.26,23368000,334
2020-06-17,16.34,16.41,16.25,16.33,16.33,13485700,335
2020-06-18,16.200001,16.26,16.120001,16.209999,16.209999,15444900,336
2020-06-19,16.43,16.6,16.360001,16.49,16.49,26968800,337
2020-06-22,16.719999,16.809999,16.459999,16.5,16.5,26625400,338
2020-06-23,16.73,16.77,16.639999,16.76,16.76,25742500,339
2020-06-24,16.360001,16.620001,16.24,16.280001,16.280001,25976500,340
2020-06-25,16.5,16.610001,16.41,16.59,16.59,16699800,341
2020-06-26,16.49,16.74,16.290001,16.629999,16.629999,26029200,342
2020-06-29,16.58,16.66,16.49,16.65,16.65,13861900,343
2020-06-30,16.65,17.01,16.65,17.01,17.01,37872900,344
2020-07-01,17.01,17.030001,16.610001,16.82,16.82,36577100,345
2020-07-02,16.700001,16.889999,16.67,16.709999,16.709999,18564100,346
2020-07-06,17.08,17.16,16.950001,17.049999,17.049999,24977600,347
2020-07-07,16.93,17.120001,16.92,17.01,17.01,25945200,348
2020-07-08,17.33,17.49,17.299999,17.49,17.49,37782400,349
2020-07-09,17.700001,17.74,17.219999,17.379999,17.379999,40376200,350
2020-07-10,17.49,17.530001,17.299999,17.43,17.43,20454500,351
2020-07-13,17.99,18.08,17.709999,17.73,17.73,49876300,352
2020-07-14,17.709999,18,17.67,17.969999,17.969999,35495200,353
2020-07-15,17.889999,18.17,17.83,18.17,18.17,36148500,354
2020-07-16,17.98,18.059999,17.780001,17.780001,17.780001,29567000,355
2020-07-17,17.98,18.07,17.889999,18.01,18.01,34200100,356
2020-07-20,18.360001,18.57,18.23,18.530001,18.530001,41717100,357
2020-07-21,19.52,19.879999,19.42,19.67,19.67,75095800,358
2020-07-22,20.65,21.450001,20.51,21.440001,21.440001,125780300,359
2020-07-23,21.1,21.51,20.719999,21.030001,21.030001,95257100,360
2020-07-24,21.34,21.360001,20.93,21.209999,21.209999,49831700,361
2020-07-27,22.559999,22.85,22.42,22.83,22.83,94894600,362
2020-07-28,22.309999,22.969999,22.07,22.77,22.77,94721800,363
2020-07-29,22.68,23.25,21.709999,22.57,22.57,83963400,364
2020-07-30,21.700001,22.01,21.4,21.76,21.76,60066500,365
2020-07-31,22.209999,22.67,22.110001,22.65,22.65,49107700,366
2020-08-03,22.59,22.780001,22.379999,22.74,22.74,40947500,367
2020-08-04,22.700001,24.25,22.620001,24.25,24.25,75735400,368
2020-08-05,25.120001,25.280001,24.610001,25.049999,25.049999,92505800,369
2020-08-06,26.309999,26.9,25.879999,26.879999,26.879999,108854600,370
2020-08-07,26.280001,26.379999,25.48,26.190001,26.190001,123705200,371
2020-08-10,26.59,27.389999,26.57,27,27,81732500,372
2020-08-11,25.23,25.52,23.059999,23.33,23.33,165630300,373
2020-08-12,24.15,24.42,23.389999,23.42,23.42,80515000,374
2020-08-13,24.65,25.809999,24.57,25.450001,25.450001,95485000,375
2020-08-14,25.110001,25.23,23.98,24.58,24.58,73263600,376
2020-08-17,25.48,25.67,25.24,25.620001,25.620001,49360400,377
2020-08-18,26.42,26.49,25.23,25.879999,25.879999,58275800,378
2020-08-19,25.940001,26.049999,24.700001,24.879999,24.879999,72926400,379
2020-08-20,24.93,25.639999,24.879999,25.610001,25.610001,43984000,380
2020-08-21,24.870001,25.02,24.42,24.9,24.9,55295500,381
2020-08-24,25.08,25.1,24.52,24.6,24.6,37090400,382
2020-08-25,24.73,24.77,24.26,24.76,24.76,34800100,383
2020-08-26,24.629999,25.57,24.610001,25.57,25.57,55145500,384
2020-08-27,25.889999,25.9,24.68,25.16,25.16,63820700,385
2020-08-28,25.610001,25.809999,25.469999,25.610001,25.610001,35855800,386
2020-08-31,26.040001,26.42,25.950001,26.23,26.23,36721100,387
2020-09-01,26.73,26.75,25.67,26.139999,26.139999,48967200,388
2020-09-02,25.719999,25.73,25.200001,25.549999,25.549999,43041000,389
2020-09-03,25.389999,25.51,24.639999,24.74,24.74,64081600,390
2020-09-04,24.85,25.139999,24.469999,25.059999,25.059999,48439300,391
2020-09-08,24.440001,25.09,24.049999,24.75,24.75,44508500,392
2020-09-09,24.98,25.25,24.879999,25.18,25.18,28197200,393
2020-09-10,25.530001,25.57,24.84,24.860001,24.860001,47518600,394
2020-09-11,25.030001,25.17,24.73,24.9,24.9,27839300,395
2020-09-14,25.129999,25.42,25.129999,25.290001,25.290001,26044300,396
2020-09-15,25.440001,25.5,25.139999,25.23,25.23,26323700,397
2020-09-16,25.459999,25.540001,25,25.23,25.23,36289000,398
2020-09-17,24.65,25.24,24.51,25.23,25.23,28618600,399
2020-09-18,24.98,25.26,24.92,24.93,24.93,23915500,400
2020-09-21,24.200001,24.34,22.059999,23.030001,23.030001,99141400,401
2020-09-22,22.809999,22.98,22.459999,22.790001,22.790001,32002300,402
2020-09-23,21.93,22.07,21.02,21.17,21.17,98246400,403
2020-09-24,20.58,21.73,20.450001,21.559999,21.559999,72093000,404
2020-09-25,21.16,21.540001,21.110001,21.299999,21.299999,34913100,405
2020-09-28,21.73,22.08,21.5,22.02,22.02,31756800,406
2020-09-29,22.24,22.709999,22.17,22.5,22.5,33327200,407
2020-09-30,22.27,22.379999,21.530001,21.639999,21.639999,43717700,408
2020-10-01,22.01,22.5,21.76,22.09,22.09,35290700,409
2020-10-02,22.25,22.52,22.040001,22.129999,22.129999,25735100,410
2020-10-05,22.32,22.809999,22.299999,22.620001,22.620001,22288100,411
2020-10-06,22.620001,22.73,21.620001,21.73,21.73,31902000,412
2020-10-07,21.98,22.32,21.889999,22.09,22.09,18967300,413
2020-10-08,22.389999,22.530001,22.01,22.18,22.18,20342200,414
2020-10-09,22.799999,23.42,22.77,23.41,23.41,39187400,415
2020-10-12,23.34,23.5,23.059999,23.33,23.33,25221700,416
2020-10-13,22.700001,22.700001,22.27,22.49,22.49,42797000,417
2020-10-14,22.799999,22.92,22.469999,22.540001,22.540001,26307900,418
2020-10-15,22.049999,22.620001,22,22.59,22.59,24000900,419
2020-10-16,22.76,22.809999,22.42,22.42,22.42,19144100,420
2020-10-19,23.040001,23.07,22.52,22.58,22.58,25444600,421
2020-10-20,22.860001,23.190001,22.809999,23.02,23.02,26084700,422
2020-10-21,23.309999,23.530001,23.17,23.290001,23.290001,23803600,423
2020-10-22,23.049999,23.09,22.67,22.959999,22.959999,19961800,424
2020-10-23,23.02,23.030001,22.700001,22.940001,22.940001,18614000,425
2020-10-26,22.66,22.809999,22.52,22.610001,22.610001,17609200,426
2020-10-27,22.610001,22.799999,22.51,22.73,22.73,15354700,427
2020-10-28,21.82,21.879999,21.42,21.780001,21.780001,38142200,428
2020-10-29,21.290001,21.940001,21.27,21.709999,21.709999,23123500,429
2020-10-30,22.040001,22.120001,21.780001,21.99,21.99,22088900,430
2020-11-02,22.27,22.440001,22.09,22.41,22.41,18599000,431
2020-11-03,22.629999,22.65,22.379999,22.440001,22.440001,18196000,432
2020-11-04,22.35,22.5,22.1,22.24,22.24,31130600,433
2020-11-05,23.02,23.66,23,23.610001,23.610001,57395800,434
2020-11-06,23.92,23.959999,23.48,23.790001,23.790001,32804500,435
2020-11-09,22.780001,22.790001,21.92,22.5,22.5,70212000,436
2020-11-10,22.620001,22.780001,22.4,22.43,22.43,25237900,437
2020-11-11,22.23,22.58,22.200001,22.52,22.52,17925600,438
2020-11-12,22.540001,22.700001,22.5,22.549999,22.549999,14122400,439
2020-11-13,23.040001,23.09,22.879999,22.9,22.9,15632800,440
2020-11-16,22.870001,23.1,22.82,23.02,23.02,19862900,441
2020-11-17,22.85,22.9,22.65,22.74,22.74,15381500,442
2020-11-18,22.719999,22.98,22.540001,22.549999,22.549999,16177200,443
2020-11-19,22.120001,22.450001,22.08,22.42,22.42,14985300,444
2020-11-20,22.709999,22.809999,22.469999,22.49,22.49,15523500,445
2020-11-23,22.360001,22.370001,21.780001,21.93,21.93,30528400,446
2020-11-24,21.5,21.690001,21.41,21.629999,21.629999,31397000,447
2020-11-25,21.719999,21.85,21.639999,21.719999,21.719999,13571300,448
2020-11-27,20.950001,21.17,20.91,21.049999,21.049999,19804400,449
2020-11-30,20.67,21.09,20.6,21.049999,21.049999,20580000,450
2020-12-01,21.93,22.370001,21.85,22.299999,22.299999,32621000,451
2020-12-02,22.1,22.389999,21.98,22.33,22.33,19383700,452
2020-12-03,22.34,22.440001,22.07,22.43,22.43,18680400,453
2020-12-04,22.41,22.59,22.25,22.48,22.48,20904000,454
2020-12-07,22.26,23.040001,22.25,22.82,22.82,28112500,455
2020-12-08,22.92,23.120001,22.73,22.82,22.82,16554600,456
2020-12-09,22.540001,22.57,21.93,22.23,22.23,31349900,457
2020-12-10,22.379999,22.58,22.190001,22.32,22.32,13565700,458
2020-12-11,22.23,22.43,22.190001,22.26,22.26,10762000,459
2020-12-14,22.35,22.530001,22.120001,22.16,22.16,16111100,460
2020-12-15,22.66,22.83,22.6,22.799999,22.799999,17245200,461
2020-12-16,23.219999,23.65,22.959999,23.620001,23.620001,45978800,462
2020-12-17,24.09,24.27,23.950001,24.15,24.15,39546200,463
2020-12-18,24.02,24.129999,23.870001,23.959999,23.959999,29676300,464
2020-12-21,24.120001,24.5,24.1,24.379999,24.379999,44728900,465
2020-12-22,24.02,24.129999,23.309999,23.43,23.43,41845300,466
2020-12-23,23.700001,23.98,23.68,23.799999,23.799999,24702500,467
2020-12-24,23.719999,24.030001,23.68,23.959999,23.959999,10558600,468
2020-12-28,24.67,24.84,24.370001,24.43,24.43,29575600,469
2020-12-29,24.360001,24.530001,24.110001,24.389999,24.389999,23871500,470
2020-12-30,24.42,24.77,24.370001,24.76,24.76,18836200,471
2020-12-31,24.610001,24.73,24.370001,24.57,24.57,24639700,472
2021-01-04,25.540001,25.610001,24.870001,25.35,25.35,54026000,473
2021-01-05,25.459999,25.74,25.280001,25.67,25.67,32882000,474
2021-01-06,25.34,25.4,24.719999,25.34,25.34,54978700,475
2021-01-07,25.219999,25.370001,25.049999,25.26,25.26,27335800,476
2021-01-08,24.73,24.76,22.74,23.51,23.51,107226800,477
2021-01-11,22.950001,23.49,22.92,23.209999,23.209999,42339700,478
2021-01-12,23.549999,23.83,23.379999,23.719999,23.719999,28423100,479
2021-01-13,23.58,23.74,23.379999,23.440001,23.440001,23619500,480
2021-01-14,23.610001,24.07,23.59,23.709999,23.709999,35838300,481
2021-01-15,23.17,23.360001,22.84,22.950001,22.950001,41576400,482
2021-01-19,23.48,23.52,23.219999,23.379999,23.379999,26077100,483
2021-01-20,23.65,24.049999,23.620001,24.01,24.01,26653500,484
2021-01-21,24.01,24.209999,23.84,24.15,24.15,19571500,485
2021-01-22,23.52,23.780001,23.379999,23.66,23.66,19320600,486
2021-01-25,23.84,23.889999,23.370001,23.549999,23.549999,22030500,487
2021-01-26,23.65,23.83,23.549999,23.65,23.65,13923900,488
2021-01-27,23.34,23.620001,22.940001,23.42,23.42,36774400,489
2021-01-28,24.530001,25.1,23.83,24.719999,24.719999,152066900,490
2021-01-29,25.309999,25.48,24.780001,24.99,24.99,113552000,491
2021-02-01,27.76,27.98,26.1,26.76,26.76,280615000,492
2021-02-02,25.540001,25.549999,24.41,24.540001,24.540001,124327400,493
2021-02-03,25,25.1,24.790001,24.93,24.93,54593300,494
2021-02-04,24.379999,24.540001,24.059999,24.48,24.48,51529200,495
2021-02-05,24.74,25.139999,24.65,24.950001,24.950001,33704000,496
2021-02-08,25.51,25.629999,25.370001,25.389999,25.389999,40683200,497
2021-02-09,25.559999,25.620001,25.139999,25.280001,25.280001,31182500,498
2021-02-10,25.440001,25.459999,24.91,25.07,25.07,36120100,499
2021-02-11,25.26,25.34,24.91,25.09,25.09,29925500,500
2021-02-12,25.129999,25.49,25.049999,25.309999,25.309999,24872400,501
2021-02-16,25.16,25.700001,25.049999,25.26,25.26,45946600,502
2021-02-17,25.16,25.440001,24.93,25.4,25.4,32220600,503
2021-02-18,25.23,25.379999,24.950001,25.059999,25.059999,22250900,504
2021-02-19,25.42,25.620001,25.200001,25.26,25.26,39603400,505
2021-02-22,25.49,26.280001,25.43,26.27,26.27,55307700,506
2021-02-23,25.83,25.85,25.290001,25.709999,25.709999,40191400,507
2021-02-24,25.48,25.969999,25.370001,25.940001,25.940001,24093100,508
2021-02-25,25.809999,26.02,25.4,25.4,25.4,38674000,509
2021-02-26,25,25.01,24.27,24.66,24.66,54587100,510
2021-03-01,24.959999,25.040001,24.549999,24.6,24.6,35637500,511
2021-03-02,24.5,24.99,24.440001,24.799999,24.799999,29101900,512
2021-03-03,24.309999,24.610001,23.99,24.280001,24.280001,41733400,513
2021-03-04,24.110001,24.43,23.27,23.559999,23.559999,63992600,514
2021-03-05,23.59,23.59,23.049999,23.360001,23.360001,30560500,515
2021-03-08,23.43,23.57,23.280001,23.32,23.32,18703100,516
2021-03-09,24.040001,24.27,24.01,24.049999,24.049999,29024000,517
2021-03-10,24.18,24.35,24.030001,24.32,24.32,20388800,518
2021-03-11,24.18,24.33,23.98,24.25,24.25,23587800,519
2021-03-12,23.639999,24.08,23.57,24.030001,24.030001,23409800,520
2021-03-15,24.27,24.41,24.129999,24.33,24.33,21915600,521
2021-03-16,24.07,24.280001,23.98,24.1,24.1,19951200,522
2021-03-17,24.120001,24.629999,24.040001,24.42,24.42,45692600,523
2021-03-18,24,24.469999,23.99,24.1,24.1,40297600,524
2021-03-19,24.26,24.379999,24.120001,24.309999,24.309999,22871500,525
2021-03-22,23.790001,23.959999,23.709999,23.940001,23.940001,23781000,526
2021-03-23,23.49,23.540001,23.209999,23.219999,23.219999,28806800,527
2021-03-24,23.469999,23.51,23.219999,23.24,23.24,18289600,528
2021-03-25,23.08,23.379999,23.030001,23.290001,23.290001,29613100,529
2021-03-26,23.200001,23.309999,23.09,23.23,23.23,14587600,530
2021-03-29,23.09,23.139999,22.700001,22.91,22.91,27664900,531
2021-03-30,22.440001,22.49,22.129999,22.26,22.26,31973600,532
2021-03-31,22.309999,22.76,22.26,22.700001,22.700001,24331300,533
2021-04-01,22.870001,23.15,22.799999,23.15,23.15,21555400,534
2021-04-05,23.040001,23.200001,22.889999,23.09,23.09,13959600,535
2021-04-06,23.280001,23.48,23.25,23.34,23.34,18963100,536
2021-04-07,23.25,23.469999,23.200001,23.33,23.33,12932700,537
2021-04-08,23.68,23.780001,23.58,23.620001,23.620001,16756100,538
2021-04-09,23.290001,23.49,23.25,23.41,23.41,15692800,539
2021-04-12,23.280001,23.32,22.93,23.040001,23.040001,22788400,540
2021-04-13,23.51,23.66,23.469999,23.51,23.51,18876600,541
2021-04-14,23.43,23.65,23.43,23.59,23.59,11107100,542
2021-04-15,23.780001,24.129999,23.76,24.030001,24.030001,29376600,543
2021-04-16,24.200001,24.219999,24.059999,24.09,24.09,20854500,544
2021-04-19,23.93,24.049999,23.790001,23.98,23.98,16333300,545
2021-04-20,23.9,24.219999,23.9,23.959999,23.959999,20911600,546
2021-04-21,24.15,24.74,24.120001,24.700001,24.700001,32992900,547
2021-04-22,24.43,24.469999,24.110001,24.209999,24.209999,25916400,548
2021-04-23,24.33,24.389999,23.98,24.139999,24.139999,18439900,549
2021-04-26,24.33,24.33,24.18,24.299999,24.299999,11054500,550
2021-04-27,24.450001,24.530001,24.35,24.389999,24.389999,12866200,551
2021-04-28,24.1,24.4,23.969999,24.4,24.4,20534500,552
2021-04-29,24.219999,24.27,23.860001,24.25,24.25,23251500,553
2021-04-30,24.209999,24.27,23.950001,24.01,24.01,16806800,554
2021-05-03,24.610001,25.049999,24.51,24.959999,24.959999,36331500,555
2021-05-04,25,25.16,24.209999,24.57,24.57,37719400,556
2021-05-05,24.5,24.6,24.469999,24.57,24.57,7161100,557
2021-05-06,24.9,25.48,24.9,25.370001,25.370001,32473600,558
2021-05-07,25.280001,25.5,25.17,25.469999,25.469999,25364400,559
2021-05-10,25.799999,25.870001,25.26,25.35,25.35,28424200,560
2021-05-11,25.23,25.67,25.190001,25.67,25.67,23444100,561
2021-05-12,25.4,25.57,25.049999,25.09,25.09,35338100,562
2021-05-13,24.969999,25.190001,24.92,25.16,25.16,25131000,563
2021-05-14,25.389999,25.5,25.290001,25.459999,25.459999,22955700,564
2021-05-17,25.559999,26.25,25.549999,26.190001,26.190001,41874700,565
2021-05-18,26.370001,26.389999,25.98,26.15,26.15,28338900,566
2021-05-19,25.690001,26.200001,25.49,25.73,25.73,43585700,567
2021-05-20,25.809999,25.98,25.65,25.790001,25.790001,20364600,568
2021-05-21,25.98,25.99,25.23,25.530001,25.530001,31146300,569
2021-05-24,25.73,25.889999,25.65,25.75,25.75,15601800,570
2021-05-25,25.530001,26.01,25.51,25.99,25.99,24282100,571
2021-05-26,25.870001,25.959999,25.6,25.67,25.67,23720300,572
2021-05-27,25.67,25.870001,25.530001,25.85,25.85,18584800,573
2021-05-28,25.629999,25.950001,25.620001,25.9,25.9,22529800,574
2021-06-01,26.379999,26.43,25.83,25.84,25.84,26118400,575
2021-06-02,25.959999,26.15,25.889999,26.15,26.15,14522800,576
2021-06-03,25.440001,25.49,25.07,25.459999,25.459999,31455700,577
2021-06-04,25.719999,25.83,25.700001,25.780001,25.780001,19065400,578
2021-06-07,25.799999,25.93,25.719999,25.9,25.9,17188700,579
2021-06-08,25.719999,25.799999,25.51,25.610001,25.610001,23460100,580
2021-06-09,25.83,25.969999,25.719999,25.780001,25.780001,21620900,581
2021-06-10,25.74,26.01,25.66,25.969999,25.969999,24057200,582
2021-06-11,26.139999,26.209999,25.870001,25.870001,25.870001,24834400,583
2021-06-14,25.59,25.99,25.559999,25.84,25.84,22004400,584
2021-06-15,25.68,25.709999,25.41,25.65,25.65,18546700,585
2021-06-16,25.719999,25.809999,25.25,25.26,25.26,41137100,586
2021-06-17,24.360001,24.469999,23.889999,24.049999,24.049999,74182600,587
2021-06-18,24.09,24.219999,23.870001,23.879999,23.879999,34088200,588
2021-06-21,24.08,24.139999,23.950001,24.08,24.08,20624800,589
2021-06-22,23.959999,24,23.84,23.85,23.85,17654500,590
2021-06-23,24.049999,24.379999,23.91,23.93,23.93,18042000,591
2021-06-24,24.200001,24.27,23.98,24.040001,24.040001,20312400,592
2021-06-25,24.33,24.33,24.08,24.18,24.18,12456400,593
2021-06-28,24.23,24.309999,24.16,24.209999,24.209999,13712200,594
2021-06-29,23.85,23.969999,23.75,23.889999,23.889999,19437900,595
2021-06-30,23.99,24.25,23.950001,24.219999,24.219999,19309700,596
2021-07-01,24.34,24.360001,24.059999,24.110001,24.110001,14288000,597
2021-07-02,24.48,24.629999,24.299999,24.549999,24.549999,21322000,598
2021-07-06,24.65,24.690001,24.110001,24.23,24.23,23825300,599
2021-07-07,24.389999,24.440001,24.08,24.24,24.24,24910700,600
2021-07-08,24.24,24.26,23.92,24.01,24.01,22355000,601
2021-07-09,24.07,24.290001,24.049999,24.190001,24.190001,11456600,602
2021-07-12,24.200001,24.34,24.049999,24.280001,24.280001,13849900,603
2021-07-13,24.15,24.309999,24.049999,24.08,24.08,16394600,604
2021-07-14,24.51,24.530001,24.15,24.33,24.33,26679000,605
2021-07-15,24.379999,24.440001,24.280001,24.379999,24.379999,13954900,606
2021-07-16,24.16,24.23,23.719999,23.77,23.77,32457000,607
2021-07-19,23.469999,23.51,23.18,23.290001,23.290001,36393400,608
2021-07-20,23.24,23.35,23,23.139999,23.139999,25553500,609
2021-07-21,23.190001,23.459999,23.18,23.42,23.42,17069000,610
2021-07-22,23.32,23.6,23.18,23.559999,23.559999,14275000,611
2021-07-23,23.35,23.41,23.17,23.35,23.35,13999100,612
2021-07-26,23.35,23.450001,23.32,23.360001,23.360001,11047700,613
2021-07-27,23.299999,23.309999,22.690001,22.959999,22.959999,27749000,614
2021-07-28,22.9,23.18,22.809999,23.17,23.17,19356600,615
2021-07-29,23.639999,23.91,23.639999,23.719999,23.719999,28655100,616
2021-07-30,23.67,23.74,23.49,23.629999,23.629999,13908400,617
2021-08-02,23.469999,23.67,23.469999,23.530001,23.530001,14364300,618
2021-08-03,23.66,23.719999,23.559999,23.68,23.68,11872500,619
2021-08-04,24.02,24.07,23.459999,23.540001,23.540001,23504500,620
2021-08-05,23.549999,23.57,23.24,23.299999,23.299999,14401700,621
2021-08-06,22.67,22.690001,22.42,22.52,22.52,35763900,622
2021-08-09,22.09,22.16,21.530001,21.75,21.75,44597700,623
2021-08-10,21.6,21.76,21.549999,21.620001,21.620001,17390800,624
2021-08-11,21.77,21.860001,21.629999,21.84,21.84,15281500,625
2021-08-12,21.629999,21.629999,21.32,21.5,21.5,17854300,626
2021-08-13,21.76,22.09,21.700001,21.969999,21.969999,20165300,627
2021-08-16,22,22.15,21.889999,22.1,22.1,13542400,628
2021-08-17,22.030001,22.15,21.84,21.9,21.9,17660400,629
2021-08-18,21.879999,21.879999,21.58,21.76,21.76,19311700,630
2021-08-19,21.67,21.690001,21.43,21.51,21.51,16659700,631
2021-08-20,21.450001,21.540001,21.200001,21.35,21.35,16170000,632
2021-08-23,21.85,21.950001,21.719999,21.879999,21.879999,17623900,633
2021-08-24,22.1,22.200001,21.98,22.08,22.08,17851300,634
2021-08-25,22.08,22.129999,21.84,22.09,22.09,15318900,635
2021-08-26,21.9,21.98,21.709999,21.85,21.85,15730700,636
2021-08-27,21.709999,22.35,21.620001,22.33,22.33,38222000,637
2021-08-30,22.35,22.379999,22.15,22.26,22.26,12848400,638
2021-08-31,22.309999,22.379999,22.049999,22.139999,22.139999,17200000,639
2021-09-01,22.360001,22.48,22.309999,22.370001,22.370001,17441700,640
2021-09-02,22.27,22.27,22.040001,22.139999,22.139999,16640000,641
2021-09-03,22.6,23.040001,22.540001,22.879999,22.879999,28096100,642
2021-09-07,22.67,22.75,22.379999,22.51,22.51,22419700,643
2021-09-08,22.469999,22.49,22.139999,22.17,22.17,23791200,644
2021-09-09,22.440001,22.450001,22.17,22.27,22.27,18791200,645
2021-09-10,22.309999,22.379999,21.99,21.99,21.99,17930300,646
2021-09-13,21.799999,22.1,21.77,21.99,21.99,18019700,647
2021-09-14,22.040001,22.190001,21.870001,22.1,22.1,19070100,648
2021-09-15,22.059999,22.15,21.950001,22.07,22.07,13448200,649
2021-09-16,21.34,21.35,20.93,21.25,21.25,52910400,650
2021-09-17,20.99,21.01,20.68,20.74,20.74,44713900,651
2021-09-20,20.639999,20.85,20.52,20.59,20.59,24491900,652
2021-09-21,20.870001,21.049999,20.719999,20.84,20.84,23205400,653
2021-09-22,21.09,21.440001,20.92,20.99,20.99,46929100,654
2021-09-23,20.940001,21.049999,20.879999,20.91,20.91,22303100,655
2021-09-24,20.51,20.83,20.48,20.709999,20.709999,23093600,656
2021-09-27,20.969999,21.16,20.879999,20.940001,20.940001,17405500,657
2021-09-28,20.83,20.879999,20.59,20.780001,20.780001,29154800,658
2021-09-29,20.15,20.23,19.83,19.950001,19.950001,56579700,659
2021-09-30,20.190001,20.59,20.139999,20.52,20.52,61442900,660
2021-10-01,20.809999,20.92,20.68,20.83,20.83,29866000,661
2021-10-04,20.76,21.030001,20.700001,20.98,20.98,25183900,662
2021-10-05,20.84,20.98,20.709999,20.92,20.92,21548900,663
2021-10-06,20.75,21.01,20.65,20.959999,20.959999,22553300,664
2021-10-07,20.790001,21.1,20.780001,20.9,20.9,19484300,665
2021-10-08,21.389999,21.440001,20.940001,20.950001,20.950001,33300400,666
2021-10-11,20.969999,21.129999,20.879999,20.879999,20.879999,15152000,667
2021-10-12,20.85,21.09,20.799999,20.93,20.93,23052100,668
2021-10-13,21.09,21.530001,21.08,21.33,21.33,37984700,669
2021-10-14,21.620001,21.84,21.49,21.799999,21.799999,28993800,670
2021-10-15,21.59,21.700001,21.469999,21.58,21.58,23904000,671
2021-10-18,21.57,21.58,21.299999,21.49,21.49,16090900,672
2021-10-19,22.23,22.309999,21.85,21.889999,21.889999,39515000,673
2021-10-20,22.200001,22.610001,22.120001,22.530001,22.530001,31563900,674
2021-10-21,22.370001,22.440001,22.219999,22.35,22.35,15172900,675
2021-10-22,22.59,22.98,22.389999,22.540001,22.540001,39030000,676
2021-10-25,22.65,22.790001,22.549999,22.74,22.74,14958300,677
2021-10-26,22.379999,22.4,22.1,22.370001,22.370001,21431500,678
2021-10-27,22.35,22.459999,22.17,22.290001,22.290001,19097700,679
2021-10-28,22.370001,22.450001,22.17,22.27,22.27,12812500,680
2021-10-29,22.07,22.15,21.889999,22.09,22.09,19160400,681
2021-11-01,22.24,22.309999,22.139999,22.23,22.23,17311100,682
2021-11-02,21.93,21.950001,21.639999,21.799999,21.799999,24915000,683
2021-11-03,21.41,21.84,21.309999,21.809999,21.809999,37161000,684
2021-11-04,22.1,22.26,21.98,22,22,27818200,685
2021-11-05,22.25,22.360001,22.030001,22.35,22.35,22311000,686
2021-11-08,22.540001,22.690001,22.459999,22.65,22.65,16458800,687
2021-11-09,22.52,22.629999,22.23,22.530001,22.530001,18973700,688
2021-11-10,23.15,23.26,22.690001,22.870001,22.870001,46183400,689
2021-11-11,23.219999,23.379999,23.17,23.35,23.35,23239900,690
2021-11-12,23.18,23.5,23.129999,23.42,23.42,24315800,691
2021-11-15,23.190001,23.309999,23.049999,23.24,23.24,20072200,692
2021-11-16,23.15,23.290001,22.91,22.959999,22.959999,21687300,693
2021-11-17,23.219999,23.33,23.09,23.17,23.17,15596200,694
2021-11-18,23.02,23.110001,22.92,22.959999,22.959999,12880600,695
2021-11-19,23,23.120001,22.719999,22.75,22.75,23754300,696
2021-11-22,22.67,22.77,22.299999,22.34,22.34,26721800,697
2021-11-23,21.709999,21.93,21.530001,21.92,21.92,32566000,698
2021-11-24,21.73,21.83,21.67,21.790001,21.790001,20225400,699
2021-11-26,21.790001,21.790001,21.200001,21.370001,21.370001,23137100,700
2021-11-29,21.309999,21.370001,21.049999,21.16,21.16,22115700,701
2021-11-30,21.200001,21.57,20.99,21.059999,21.059999,29616200,702
2021-12-01,20.98,21.08,20.52,20.57,20.57,41829500,703
2021-12-02,20.74,20.76,20.549999,20.690001,20.690001,25783200,704
2021-12-03,20.709999,20.870001,20.379999,20.85,20.85,22835100,705
2021-12-06,20.540001,20.76,20.469999,20.709999,20.709999,18193200,706
2021-12-07,20.68,20.91,20.67,20.809999,20.809999,18763300,707
2021-12-08,20.700001,20.799999,20.629999,20.76,20.76,14075400,708
2021-12-09,20.459999,20.49,20.27,20.299999,20.299999,23767500,709
2021-12-10,20.52,20.540001,20.4,20.5,20.5,17760800,710
2021-12-13,20.65,20.74,20.59,20.610001,20.610001,16422300,711
2021-12-14,20.129999,20.35,20.09,20.309999,20.309999,19912400,712
2021-12-15,20.17,20.469999,19.799999,20.41,20.41,44633700,713
2021-12-16,20.610001,20.84,20.6,20.790001,20.790001,26368200,714
2021-12-17,20.85,20.91,20.68,20.68,20.68,19873600,715
2021-12-20,20.6,20.66,20.52,20.57,20.57,12493200,716
2021-12-21,20.879999,20.93,20.74,20.77,20.77,11231500,717
2021-12-22,20.98,21.120001,20.860001,21.1,21.1,16909900,718
2021-12-23,21.1,21.209999,20.950001,21.16,21.16,12824500,719
2021-12-27,21.190001,21.379999,21.16,21.33,21.33,15165500,720
2021-12-28,21.41,21.51,21.25,21.27,21.27,14845500,721
2021-12-29,20.9,21.15,20.889999,21.110001,21.110001,11755700,722
2021-12-30,21.209999,21.370001,21.200001,21.34,21.34,11646600,723
2021-12-31,21.5,21.59,21.370001,21.51,21.51,15618500,724
2022-01-03,21.040001,21.25,20.969999,21.18,21.18,18043600,725
2022-01-04,21.23,21.370001,21.190001,21.32,21.32,12946900,726
2022-01-05,21.389999,21.51,21,21,21,22571400,727
2022-01-06,20.379999,20.629999,20.35,20.51,20.51,27161100,728
2022-01-07,20.52,20.75,20.370001,20.620001,20.620001,23522200,729
2022-01-10,20.6,20.83,20.57,20.76,20.76,17015100,730
2022-01-11,20.84,21.09,20.77,21.049999,21.049999,23681500,731
2022-01-12,21.18,21.48,21.17,21.450001,21.450001,23394800,732
2022-01-13,21.450001,21.48,21.26,21.33,21.33,25395100,733
2022-01-14,21.24,21.33,21.1,21.200001,21.200001,22448800,734
2022-01-18,21.629999,21.85,21.530001,21.690001,21.690001,33206300,735
2022-01-19,22.01,22.389999,21.950001,22.370001,22.370001,43721600,736
2022-01-20,22.66,22.84,22.559999,22.620001,22.620001,44986900,737
2022-01-21,22.690001,22.709999,22.34,22.379999,22.379999,40713800,738
2022-01-24,22.02,22.15,21.780001,22.110001,22.110001,37822400,739
2022-01-25,21.83,22.17,21.809999,22.02,22.02,30586800,740
2022-01-26,21.879999,22.120001,21.66,21.719999,21.719999,42075700,741
2022-01-27,21.07,21.299999,20.870001,21.02,21.02,45559800,742
2022-01-28,20.780001,20.9,20.48,20.709999,20.709999,29449400,743
2022-01-31,20.75,20.85,20.66,20.799999,20.799999,19718300,744
2022-02-01,21.17,21.25,20.82,20.940001,20.940001,34540500,745
2022-02-02,20.959999,21.1,20.77,20.93,20.93,19816500,746
2022-02-03,20.700001,20.82,20.34,20.709999,20.709999,28800600,747
2022-02-04,20.66,20.959999,20.66,20.790001,20.790001,24572200,748
2022-02-07,21.139999,21.360001,21.09,21.27,21.27,22888000,749
2022-02-08,21.27,21.5,21.23,21.450001,21.450001,16005800,750
2022-02-09,21.440001,21.59,21.360001,21.530001,21.530001,17908300,751
2022-02-10,21.530001,21.92,21.41,21.42,21.42,36468000,752
2022-02-11,21.299999,21.9,21.280001,21.83,21.83,47248800,753
2022-02-14,22.049999,22.129999,21.92,22.049999,22.049999,27999300,754
2022-02-15,21.41,21.65,21.32,21.610001,21.610001,26993200,755
2022-02-16,21.610001,21.879999,21.610001,21.870001,21.870001,24804900,756
2022-02-17,21.889999,22.110001,21.84,22.040001,22.040001,33941000,757
2022-02-18,22.15,22.24,22.059999,22.120001,22.120001,23016900,758
2022-02-22,22.389999,22.52,22.290001,22.309999,22.309999,38336300,759
2022-02-23,22.4,22.73,22.389999,22.73,22.73,35427200,760
2022-02-24,23.389999,23.4,22.030001,22.309999,22.309999,85973300,761
2022-02-25,22.18,22.42,22.059999,22.4,22.4,37032300,762
2022-02-28,22.709999,22.719999,22.360001,22.620001,22.620001,42783700,763
2022-03-01,22.84,23.610001,22.84,23.540001,23.540001,60537600,764
2022-03-02,23.209999,23.459999,23.040001,23.370001,23.370001,56523200,765
2022-03-03,23.299999,23.34,23.07,23.290001,23.290001,44272400,766
2022-03-04,23.389999,23.790001,23.35,23.639999,23.639999,61566100,767
2022-03-07,23.540001,23.77,23.43,23.700001,23.700001,51534300,768
2022-03-08,24.27,24.9,24,24.450001,24.450001,114432100,769
2022-03-09,23.950001,24.17,23.48,23.799999,23.799999,58012900,770
2022-03-10,24,24.09,23.719999,24.01,24.01,37767600,771
2022-03-11,23.75,24.030001,23.68,23.870001,23.870001,32083100,772
2022-03-14,23.370001,23.370001,23.030001,23.16,23.16,31301100,773
2022-03-15,22.870001,23.15,22.75,23,23,25150000,774
2022-03-16,22.969999,23.15,22.6,23.110001,23.110001,32895300,775
2022-03-17,23.34,23.6,23.33,23.33,23.33,24339600,776
2022-03-18,23.129999,23.26,22.940001,23.02,23.02,23821900,777
2022-03-21,23.059999,23.379999,23.049999,23.280001,23.280001,26595700,778
2022-03-22,22.950001,22.98,22.700001,22.879999,22.879999,18807000,779
2022-03-23,23.120001,23.290001,22.959999,23.24,23.24,20826700,780
2022-03-24,23.58,23.889999,23.549999,23.610001,23.610001,32930600,781
2022-03-25,23.48,23.57,23.32,23.48,23.48,17899400,782
2022-03-28,23.129999,23.23,22.9,22.93,22.93,21405200,783
2022-03-29,22.35,22.940001,22.209999,22.91,22.91,30815100,784
2022-03-30,22.98,23.16,22.91,22.940001,22.940001,25616600,785
2022-03-31,23.110001,23.190001,22.860001,22.879999,22.879999,27145300,786
2022-04-01,22.59,22.92,22.57,22.74,22.74,47311800,787
2022-04-04,22.67,22.82,22.43,22.629999,22.629999,34757100,788
2022-04-05,22.9,23.040001,22.360001,22.360001,22.360001,42303300,789
2022-04-06,22.530001,22.700001,22.379999,22.57,22.57,32631200,790
2022-04-07,22.440001,22.790001,22.389999,22.700001,22.700001,33647600,791
2022-04-08,22.57,22.92,22.559999,22.82,22.82,30242700,792
2022-04-11,23.4,23.41,22.91,23.15,23.15,40735800,793
2022-04-12,23.4,23.66,23.23,23.469999,23.469999,40646600,794
2022-04-13,23.67,23.860001,23.59,23.75,23.75,32672500,795
2022-04-14,23.6,23.68,23.370001,23.639999,23.639999,31607200,796
2022-04-18,24.040001,24.16,23.82,23.870001,23.870001,45390300,797
2022-04-19,23.58,23.629999,23.139999,23.24,23.24,35867300,798
2022-04-20,23.1,23.299999,23.08,23.280001,23.280001,23415500,799
2022-04-21,22.93,22.940001,22.549999,22.790001,22.790001,37513500,800
2022-04-22,22.360001,22.530001,22.27,22.309999,22.309999,32779500,801
2022-04-25,21.809999,21.92,21.65,21.83,21.83,38780900,802
2022-04-26,21.84,21.940001,21.6,21.65,21.65,30841200,803
2022-04-27,21.76,21.82,21.459999,21.49,21.49,30704200,804
2022-04-28,21.23,21.450001,21.190001,21.42,21.42,28124600,805
2022-04-29,21.32,21.440001,20.99,21.040001,21.040001,32119200,806
2022-05-02,20.629999,21.02,20.42,20.870001,20.870001,38907800,807
2022-05-03,20.85,21.09,20.77,20.83,20.83,29437700,808
2022-05-04,20.709999,21.299999,20.51,21.280001,21.280001,53388000,809
2022-05-05,21.32,21.33,20.6,20.780001,20.780001,38950600,810
2022-05-06,20.709999,20.85,20.559999,20.66,20.66,36791400,811
2022-05-09,20.379999,20.4,20.01,20.030001,20.030001,40850900,812
2022-05-10,20.290001,20.33,19.540001,19.549999,19.549999,48854500,813
2022-05-11,20.08,20.280001,19.85,19.870001,19.870001,35527500,814
2022-05-12,19.5,19.530001,19.02,19.120001,19.120001,35998000,815
2022-05-13,19.059999,19.469999,19.01,19.42,19.42,32770800,816
2022-05-16,19.629999,20.02,19.620001,19.93,19.93,36114000,817
2022-05-17,20.01,20.1,19.860001,19.92,19.92,23772600,818
2022-05-18,19.93,19.969999,19.719999,19.73,19.73,22132300,819
2022-05-19,20.110001,20.299999,20.1,20.27,20.27,24877300,820
2022-05-20,20.16,20.209999,19.940001,20.07,20.07,19639300,821
2022-05-23,20.209999,20.25,20,20.1,20.1,17547600,822
2022-05-24,20.280001,20.5,20.24,20.389999,20.389999,22182500,823
2022-05-25,20.209999,20.360001,20.129999,20.34,20.34,18273500,824
2022-05-26,20.139999,20.379999,20.129999,20.309999,20.309999,14581000,825
2022-05-27,20.620001,20.65,20.33,20.360001,20.360001,22191600,826
2022-05-31,20.16,20.280001,19.84,19.84,19.84,29473000,827
2022-06-01,20.190001,20.280001,19.99,20.129999,20.129999,25934500,828
2022-06-02,20.35,20.6,20.35,20.59,20.59,21958300,829
2022-06-03,20.530001,20.58,20.15,20.23,20.23,21579000,830
2022-06-06,20.610001,20.639999,20.32,20.370001,20.370001,18624300,831
2022-06-07,20.27,20.57,20.23,20.52,20.52,17528900,832
2022-06-08,20.360001,20.5,20.280001,20.35,20.35,15871300,833
2022-06-09,20.280001,20.299999,19.879999,19.969999,19.969999,22778300,834
2022-06-10,19.790001,20.299999,19.66,20.190001,20.190001,32953700,835
2022-06-13,19.690001,19.709999,19.34,19.5,19.5,44676100,836
2022-06-14,19.559999,19.59,19.280001,19.370001,19.370001,23906600,837
2022-06-15,19.9,20.16,19.67,19.959999,19.959999,42638700,838
2022-06-16,19.93,20.27,19.82,20.24,20.24,27706400,839
2022-06-17,20.1,20.139999,19.9,19.98,19.98,20090000,840
2022-06-21,20.09,20.25,19.959999,19.98,19.98,19273900,841
2022-06-22,19.82,19.93,19.700001,19.76,19.76,21420700,842
2022-06-23,19.74,19.84,19.290001,19.370001,19.370001,29995400,843
2022-06-24,19.27,19.58,19.15,19.51,19.51,16678500,844
2022-06-27,19.690001,19.700001,19.469999,19.49,19.49,15467000,845
2022-06-28,19.52,19.530001,19.18,19.190001,19.190001,18319400,846
2022-06-29,19.26,19.290001,19.030001,19.139999,19.139999,15636300,847
2022-06-30,18.99,19.08,18.639999,18.639999,18.639999,33205700,848
2022-07-01,18.1,18.379999,17.99,18.309999,18.309999,42504300,849
2022-07-05,18.030001,18.09,17.59,17.73,17.73,35121200,850
2022-07-06,17.799999,17.85,17.48,17.690001,17.690001,27849900,851
2022-07-07,17.809999,17.98,17.700001,17.75,17.75,17741800,852
2022-07-08,17.799999,17.940001,17.629999,17.790001,17.790001,14195800,853
2022-07-11,17.709999,17.83,17.58,17.58,17.58,20437900,854
2022-07-12,17.5,17.65,17.41,17.440001,17.440001,17349300,855
2022-07-13,17.5,17.9,17.42,17.690001,17.690001,27337000,856
2022-07-14,16.91,17.059999,16.73,17,17,33596000,857
2022-07-15,17.15,17.26,16.99,17.190001,17.190001,20381300,858
2022-07-18,17.440001,17.540001,17.190001,17.219999,17.219999,20458800,859
2022-07-19,17.299999,17.389999,17.27,17.290001,17.290001,24751100,860
2022-07-20,17.58,17.620001,17.190001,17.190001,17.190001,18738600,861
2022-07-21,17.07,17.4,17.059999,17.4,17.4,20773900,862
2022-07-22,17.280001,17.48,17.07,17.139999,17.139999,24517600,863
2022-07-25,17.059999,17.08,16.879999,16.98,16.98,25644400,864
2022-07-26,17.16,17.26,17.110001,17.16,17.16,28040100,865
2022-07-27,17.17,17.65,17.01,17.6,17.6,37994300,866
2022-07-28,18.16,18.440001,18.059999,18.43,18.43,31578200,867
2022-07-29,18.43,18.73,18.34,18.700001,18.700001,17388900,868
2022-08-01,18.719999,18.85,18.65,18.790001,18.790001,25229200,869
2022-08-02,18.73,18.83,18.4,18.41,18.41,27922100,870
2022-08-03,18.450001,18.540001,18.299999,18.49,18.49,15163900,871
2022-08-04,18.469999,18.690001,18.4,18.639999,18.639999,14091100,872
2022-08-05,18.16,18.440001,18.110001,18.33,18.33,15896200,873
2022-08-08,18.77,19.110001,18.74,19.030001,19.030001,20739800,874
2022-08-09,19.02,19.07,18.83,18.93,18.93,20591600,875
2022-08-10,19,19.219999,18.91,18.950001,18.950001,27189100,876
2022-08-11,18.870001,18.99,18.66,18.67,18.67,16253800,877
2022-08-12,18.82,19.209999,18.809999,19.17,19.17,16767400,878
2022-08-15,18.67,18.799999,18.549999,18.68,18.68,19897300,879
2022-08-16,18.5,18.639999,18.49,18.57,18.57,20876800,880
2022-08-17,18.360001,18.42,18.15,18.25,18.25,23675400,881
2022-08-18,18.290001,18.35,17.959999,18.040001,18.040001,20007500,882
2022-08-19,17.76,17.780001,17.530001,17.549999,17.549999,19196700,883
2022-08-22,17.469999,17.6,17.32,17.5,17.5,21747500,884
2022-08-23,17.4,17.77,17.4,17.620001,17.620001,20127000,885
2022-08-24,17.51,17.73,17.469999,17.629999,17.629999,16954800,886
2022-08-25,17.719999,17.77,17.610001,17.73,17.73,16618700,887
2022-08-26,17.82,17.91,17.35,17.360001,17.360001,19412700,888
2022-08-29,17.24,17.43,17.219999,17.290001,17.290001,18893500,889
2022-08-30,17.219999,17.23,16.92,16.959999,16.959999,21271900,890
2022-08-31,16.700001,16.82,16.58,16.58,16.58,18799800,891
2022-09-01,16.389999,16.48,16.190001,16.379999,16.379999,18413800,892
2022-09-02,16.629999,16.860001,16.48,16.57,16.57,15875200,893
2022-09-06,16.82,16.860001,16.530001,16.540001,16.540001,10812400,894
2022-09-07,16.639999,17.02,16.610001,17,17,15468400,895
2022-09-08,17.059999,17.129999,16.879999,17.030001,17.030001,13095400,896
2022-09-09,17.129999,17.389999,17.110001,17.32,17.32,9813500,897
2022-09-12,18.17,18.43,17.99,18.17,18.17,30176800,898
2022-09-13,18.040001,18.200001,17.82,17.83,17.83,20777200,899
2022-09-14,18.059999,18.15,17.92,18,18,16309300,900
2022-09-15,17.860001,18.049999,17.610001,17.629999,17.629999,17477300,901
2022-09-16,17.57,18.08,17.450001,17.99,17.99,21175800,902
2022-09-19,17.719999,18,17.700001,17.99,17.99,16756500,903
2022-09-20,17.66,17.780001,17.559999,17.73,17.73,10478800,904
2022-09-21,18.02,18.360001,17.82,18.059999,18.059999,36671600,905
2022-09-22,18.129999,18.18,17.9,18.09,18.09,12553400,906
2022-09-23,17.639999,17.65,17.299999,17.360001,17.360001,23917100,907
2022-09-26,17.370001,17.540001,16.889999,16.92,16.92,19179200,908
2022-09-27,17.16,17.299999,16.870001,16.9,16.9,18080200,909
2022-09-28,16.99,17.49,16.99,17.450001,17.450001,22513400,910
2022-09-29,17.280001,17.379999,17.030001,17.370001,17.370001,16727300,911
2022-09-30,17.41,17.77,17.4,17.5,17.5,14446100,912
2022-10-03,18.469999,19.1,18.4,19.1,19.1,40558200,913
2022-10-04,19.299999,19.559999,19.209999,19.360001,19.360001,22227800,914
2022-10-05,18.690001,19.110001,18.370001,18.99,18.99,23878400,915
2022-10-06,18.860001,19.059999,18.75,19.040001,19.040001,11261200,916
2022-10-07,18.790001,18.879999,18.42,18.5,18.5,24621100,917
2022-10-10,18.209999,18.24,17.98,18.09,18.09,17979100,918
2022-10-11,17.889999,18.08,17.559999,17.68,17.68,23821900,919
2022-10-12,17.530001,17.68,17.370001,17.59,17.59,21216900,920
2022-10-13,17.139999,17.52,17.040001,17.389999,17.389999,26705300,921
2022-10-14,17.18,17.200001,16.66,16.809999,16.809999,24627300,922
2022-10-17,17.33,17.450001,17.110001,17.120001,17.120001,17937400,923
2022-10-18,17.360001,17.41,17.08,17.23,17.23,11236300,924
2022-10-19,16.99,17.08,16.91,17.01,17.01,9941300,925
2022-10-20,17.059999,17.5,17.030001,17.17,17.17,17615600,926
2022-10-21,17.209999,17.780001,17.129999,17.76,17.76,28680300,927
2022-10-24,17.66,17.77,17.51,17.68,17.68,12953800,928
2022-10-25,17.709999,17.9,17.700001,17.860001,17.860001,13857100,929
2022-10-26,17.9,18.120001,17.9,17.98,17.98,17092700,930
2022-10-27,18.02,18.1,17.889999,17.98,17.98,14108100,931
2022-10-28,17.700001,17.85,17.49,17.74,17.74,10708900,932
2022-10-31,17.459999,17.719999,17.41,17.620001,17.620001,10005000,933
2022-11-01,18.32,18.370001,17.940001,18.049999,18.049999,20107600,934
2022-11-02,18.24,18.49,17.73,17.73,17.73,24802300,935
2022-11-03,17.459999,18,17.440001,17.940001,17.940001,19125300,936
2022-11-04,18.74,19.26,18.67,19.26,19.26,34818900,937
2022-11-07,19.219999,19.34,19.129999,19.15,19.15,12869700,938
2022-11-08,19.26,19.91,19.209999,19.700001,19.700001,31329600,939
2022-11-09,19.66,19.9,19.33,19.360001,19.360001,17422800,940
2022-11-10,19.98,20.07,19.76,19.969999,19.969999,21968300,941
2022-11-11,19.76,19.950001,19.66,19.950001,19.950001,12472200,942
2022-11-14,19.950001,20.33,19.93,20.24,20.24,14503000,943
2022-11-15,20.08,20.110001,19.700001,19.879999,19.879999,23955400,944
2022-11-16,19.950001,20,19.700001,19.74,19.74,10180600,945
2022-11-17,19.25,19.33,19.129999,19.290001,19.290001,12895400,946
2022-11-18,19.309999,19.459999,19.18,19.25,19.25,15315800,947
2022-11-21,19.209999,19.25,19.02,19.200001,19.200001,10468100,948
2022-11-22,19.43,19.52,19.25,19.43,19.43,10140100,949
2022-11-23,19.530001,19.879999,19.5,19.809999,19.809999,12773600,950
2022-11-25,19.59,19.76,19.559999,19.719999,19.719999,7784800,951
2022-11-28,19.66,19.690001,19.200001,19.26,19.26,20269200,952
2022-11-29,19.5,19.75,19.5,19.559999,19.559999,11253000,953
2022-11-30,20.120001,20.43,19.809999,20.43,20.43,26502100,954
2022-12-01,20.629999,20.98,20.59,20.98,20.98,24949600,955
2022-12-02,20.73,21.389999,20.67,21.290001,21.290001,23150100,956
2022-12-05,20.91,20.950001,20.4,20.440001,20.440001,24402700,957
2022-12-06,20.620001,20.75,20.27,20.440001,20.440001,16489600,958
2022-12-07,20.67,21.01,20.66,20.92,20.92,22573400,959
2022-12-08,21.32,21.370001,21.139999,21.209999,21.209999,17948300,960
2022-12-09,21.450001,21.799999,21.26,21.559999,21.559999,18975700,961
2022-12-12,21.58,21.620001,21.26,21.459999,21.459999,20222300,962
2022-12-13,22.09,22.200001,21.690001,21.83,21.83,24657100,963
2022-12-14,21.93,22.139999,21.52,21.99,21.99,24341100,964
2022-12-15,21.450001,21.57,21.15,21.24,21.24,19921900,965
2022-12-16,21.16,21.4,21.129999,21.370001,21.370001,15976000,966
2022-12-19,21.35,21.379999,21.01,21.120001,21.120001,12704600,967
2022-12-20,21.950001,22.32,21.860001,22.23,22.23,28496700,968
2022-12-21,22.09,22.27,22.01,22.07,22.07,11637000,969
2022-12-22,21.65,21.790001,21.52,21.690001,21.690001,15133500,970
2022-12-23,21.780001,21.950001,21.690001,21.85,21.85,10922300,971
2022-12-27,21.959999,22.35,21.92,22.110001,22.110001,12346900,972
2022-12-28,21.93,21.969999,21.6,21.6,21.6,10915100,973
2022-12-29,22.059999,22.139999,21.950001,21.969999,21.969999,11896400,974
2022-12-30,21.92,22.030001,21.639999,22.02,22.02,14232600,975
2023-01-03,22.450001,22.540001,22.030001,22.049999,22.049999,18122100,976
2023-01-04,22.280001,22.360001,21.700001,21.889999,21.889999,17246400,977
2023-01-05,21.5,21.530001,21.27,21.389999,21.389999,16539900,978
2023-01-06,21.709999,22,21.610001,21.92,21.92,17015900,979
2023-01-09,22,22.139999,21.690001,21.74,21.74,15588200,980
2023-01-10,21.74,21.870001,21.639999,21.73,21.73,10051200,981
2023-01-11,21.860001,21.879999,21.360001,21.549999,21.549999,13848000,982
2023-01-12,22,22.07,21.690001,21.879999,21.879999,18514100,983
2023-01-13,21.879999,22.35,21.860001,22.33,22.33,18399300,984
2023-01-17,22.200001,22.209999,21.92,22.01,22.01,23059400,985
2023-01-18,22.299999,22.4,21.549999,21.57,21.57,24553500,986
2023-01-19,21.65,22.030001,21.57,21.959999,21.959999,15361200,987
2023-01-20,22.01,22.07,21.809999,22.02,22.02,14273800,988
2023-01-23,21.18,21.620001,20.93,21.58,21.58,30123300,989
2023-01-24,21.5,21.83,21.35,21.76,21.76,15461600,990
2023-01-25,21.629999,22.02,21.58,21.969999,21.969999,12824900,991
2023-01-26,22.190001,22.219999,21.809999,21.99,21.99,18177800,992
2023-01-27,21.709999,21.790001,21.43,21.68,21.68,15237000,993
2023-01-30,21.799999,21.82,21.65,21.66,21.66,8337100,994
2023-01-31,21.58,21.860001,21.540001,21.83,21.83,10471400,995
2023-02-01,21.799999,22.110001,21.49,22.08,22.08,23818200,996
2023-02-02,22.5,22.52,21.540001,21.57,21.57,22808400,997
2023-02-03,20.860001,21.059999,20.5,20.57,20.57,36684800,998
2023-02-06,20.549999,20.65,20.370001,20.48,20.48,15824800,999
2023-02-07,20.41,20.639999,20.27,20.379999,20.379999,16209500,1000
2023-02-08,20.59,20.639999,20.42,20.48,20.48,10688500,1001
2023-02-09,20.66,20.68,20.15,20.18,20.18,19233500,1002
2023-02-10,20.41,20.450001,20.15,20.24,20.24,11025200,1003
2023-02-13,20.15,20.25,20.040001,20.200001,20.200001,12376300,1004
2023-02-14,19.950001,20.219999,19.870001,20.120001,20.120001,14586500,1005
2023-02-15,19.780001,19.950001,19.77,19.889999,19.889999,13301900,1006